"동별(1)",동별(2),동별(3),2025 2/4,2025 2/4,2025 2/4,2025 2/4,2025 2/4,2025 2/4,2025 2/4,2025 2/4,2025 2/4,2025 2/4,2025 2/4,2025 2/4
"동별(1)",동별(2),동별(3),세대 (세대),계 (명),계 (명),계 (명),한국인 (명),한국인 (명),한국인 (명),등록외국인 (명),등록외국인 (명),등록외국인 (명),세대당인구 (명),65세이상고령자 (명)
"동별(1)",동별(2),동별(3),소계,소계,남자,여자,소계,남자,여자,소계,남자,여자,소계,소계
"합계",소계,소계,4501234,9595509,4614132,4981377,9325616,4497354,4828262,269893,116778,153115,2.07,1873638
"합계",종로구,소계,72509,149332,71126,78206,138015,66315,71700,11317,4811,6506,1.90,30413
"합계",종로구,사직동,4568,9150,4058,5092,8909,3919,4990,241,139,102,1.95,1966
"합계",종로구,삼청동,1078,2387,1157,1230,2146,1025,1121,241,132,109,1.99,646
"합계",종로구,부암동,4134,9272,4332,4940,9011,4219,4792,261,113,148,2.18,2024
"합계",종로구,평창동,7137,17427,8108,9319,17234,8011,9223,193,97,96,2.41,3943
"합계",종로구,무악동,2979,7843,3593,4250,7817,3580,4237,26,13,13,2.62,1573
"합계",종로구,교남동,4305,9658,4457,5201,9499,4368,5131,159,89,70,2.21,1761
"합계",종로구,가회동,1856,3804,1773,2031,3707,1720,1987,97,53,44,2.00,903
"합계",종로구,종로1.2.3.4가동,4929,8567,4983,3584,6685,4033,2652,1882,950,932,1.36,1895
"합계",종로구,종로5.6가동,3572,5783,2995,2788,5284,2751,2533,499,244,255,1.48,1127
"합계",종로구,이화동,4435,7575,3474,4101,7042,3260,3782,533,214,319,1.59,1439
"합계",종로구,창신1동,2664,5420,2863,2557,4482,2359,2123,938,504,434,1.68,1355
"합계",종로구,창신2동,3905,8508,4369,4139,7240,3735,3505,1268,634,634,1.85,2026
"합계",종로구,창신3동,2755,6423,3165,3258,6203,3033,3170,220,132,88,2.25,1440
"합계",종로구,숭인1동,3016,6102,2933,3169,5749,2785,2964,353,148,205,1.91,1376
"합계",종로구,숭인2동,7047,11396,5293,6103,10281,4990,5291,1115,303,812,1.46,1871
"합계",종로구,청운효자동,4914,11094,5049,6045,10964,4982,5982,130,67,63,2.23,2267
"합계",종로구,혜화동,9215,18923,8524,10399,15762,7545,8217,3161,979,2182,1.71,2801
"합계",중구,소계,64490,129616,62118,67498,119097,57267,61830,10519,4851,5668,1.85,27277
"합계",중구,소공동,1247,3439,1674,1765,2175,1003,1172,1264,671,593,1.74,350
"합계",중구,회현동,2472,4934,2545,2389,4277,2212,2065,657,333,324,1.73,1432
"합계",중구,명동,1332,3394,1485,1909,2507,1032,1475,887,453,434,1.88,801
"합계",중구,필동,2812,5279,2621,2658,4329,2221,2108,950,400,550,1.54,960
"합계",중구,장충동,2933,5520,2787,2733,4591,2381,2210,929,406,523,1.57,957
"합계",중구,광희동,3976,7073,3408,3665,5734,2789,2945,1339,619,720,1.44,1267
"합계",중구,을지로동,2067,3373,1799,1574,3014,1638,1376,359,161,198,1.46,524
"합계",중구,신당5동,5420,10405,5013,5392,10048,4869,5179,357,144,213,1.85,2084
"합계",중구,황학동,7890,14039,6517,7522,13152,6156,6996,887,361,526,1.67,2353
"합계",중구,중림동,5949,12397,6045,6352,12042,5888,6154,355,157,198,2.02,2315
"합계",중구,신당동,4707,8864,4246,4618,7387,3601,3786,1477,645,832,1.57,1727
"합계",중구,다산동,6748,13542,6519,7023,13058,6303,6755,484,216,268,1.94,3148
"합계",중구,약수동,7709,16095,7423,8672,15859,7302,8557,236,121,115,2.06,4340
"합계",중구,청구동,5241,11260,5248,6012,11081,5156,5925,179,92,87,2.11,2707
"합계",중구,동화동,3987,10002,4788,5214,9843,4716,5127,159,72,87,2.47,2312
"합계",용산구,소계,103235,216214,103768,112446,203127,96925,106202,13087,6843,6244,1.97,40083
"합계",용산구,후암동,8285,16226,7780,8446,15770,7546,8224,456,234,222,1.90,3295
"합계",용산구,용산2가동,5011,10024,4913,5111,8608,4247,4361,1416,666,750,1.72,2185
"합계",용산구,남영동,4813,7236,4342,2894,6729,4109,2620,507,233,274,1.40,1681
"합계",용산구,원효로1동,9406,17852,8259,9593,17140,7879,9261,712,380,332,1.82,2223
"합계",용산구,원효로2동,6292,13635,6376,7259,13504,6321,7183,131,55,76,2.15,2613
"합계",용산구,효창동,4691,10567,4954,5613,10407,4886,5521,160,68,92,2.22,1697
"합계",용산구,용문동,5280,11239,5293,5946,11123,5243,5880,116,50,66,2.11,2401
"합계",용산구,이촌1동,9103,25451,11978,13473,24928,11696,13232,523,282,241,2.74,4690
"합계",용산구,이촌2동,3582,7806,3665,4141,7748,3642,4106,58,23,35,2.16,1912
"합계",용산구,이태원1동,3426,7524,3952,3572,6013,2991,3022,1511,961,550,1.76,1506
"합계",용산구,이태원2동,4730,9961,4747,5214,8435,4001,4434,1526,746,780,1.78,1893
"합계",용산구,서빙고동,5053,12937,6242,6695,12223,5873,6350,714,369,345,2.42,2387
"합계",용산구,보광동,3987,7903,4135,3768,6993,3494,3499,910,641,269,1.75,1753
"합계",용산구,청파동,11206,19309,8767,10542,18547,8551,9996,762,216,546,1.66,3547
"합계",용산구,한강로동,11303,22802,10834,11968,21064,9930,11134,1738,904,834,1.86,3546
"합계",용산구,한남동,7067,15742,7531,8211,13895,6516,7379,1847,1015,832,1.97,2754
"합계",성동구,소계,132209,280683,135164,145519,273195,132030,141165,7488,3134,4354,2.07,52412
"합계",성동구,왕십리2동,7374,16236,7749,8487,15882,7613,8269,354,136,218,2.15,2969
"합계",성동구,마장동,10865,22244,10739,11505,21394,10478,10916,850,261,589,1.97,4460
"합계",성동구,사근동,8354,13965,6988,6977,12059,6238,5821,1906,750,1156,1.44,1611
"합계",성동구,행당1동,6470,13901,6582,7319,13613,6477,7136,288,105,183,2.10,2417
"합계",성동구,행당2동,9158,22594,10523,12071,22501,10486,12015,93,37,56,2.46,4382
"합계",성동구,응봉동,5882,14627,6921,7706,14557,6889,7668,70,32,38,2.47,2702
"합계",성동구,금호1가동,6400,14518,6878,7640,14431,6840,7591,87,38,49,2.25,3041
"합계",성동구,금호4가동,6374,14171,6669,7502,14011,6587,7424,160,82,78,2.20,2839
"합계",성동구,성수1가1동,7341,15368,7587,7781,15066,7437,7629,302,150,152,2.05,2689
"합계",성동구,성수1가2동,6493,13408,6501,6907,13155,6377,6778,253,124,129,2.03,2376
"합계",성동구,성수2가1동,7371,14353,7416,6937,13875,7198,6677,478,218,260,1.88,3214
"합계",성동구,성수2가3동,4963,9786,4824,4962,9530,4697,4833,256,127,129,1.92,1986
"합계",성동구,송정동,5210,9786,5132,4654,9309,4897,4412,477,235,242,1.79,2030
"합계",성동구,용답동,7868,13157,6653,6504,12148,6233,5915,1009,420,589,1.54,2436
"합계",성동구,왕십리도선동,12033,26217,12277,13940,25743,12090,13653,474,187,287,2.14,4360
"합계",성동구,금호2.3가동,9389,20904,9906,10998,20736,9830,10906,168,76,92,2.21,4157
"합계",성동구,옥수동,10664,25448,11819,13629,25185,11663,13522,263,156,107,2.36,4743
"합계",광진구,소계,171520,350164,166547,183617,333096,159503,173593,17068,7044,10024,1.94,61625
"합계",광진구,화양동,18176,27961,12442,15519,23043,10823,12220,4918,1619,3299,1.27,2529
"합계",광진구,군자동,11256,21342,10433,10909,18612,9144,9468,2730,1289,1441,1.65,3539
"합계",광진구,중곡1동,8665,15519,7353,8166,15016,7133,7883,503,220,283,1.73,2926
"합계",광진구,중곡2동,10497,20328,9561,10767,19936,9403,10533,392,158,234,1.90,3944
"합계",광진구,중곡3동,8450,15617,7660,7957,15305,7541,7764,312,119,193,1.81,3420
"합계",광진구,중곡4동,12973,27367,13253,14114,26946,13080,13866,421,173,248,2.08,6294
"합계",광진구,능동,6442,11309,5223,6086,10816,4989,5827,493,234,259,1.68,1850
"합계",광진구,구의1동,13258,23641,11121,12520,22903,10823,12080,738,298,440,1.73,3783
"합계",광진구,구의2동,11437,25619,12123,13496,24984,11853,13131,635,270,365,2.18,5135
"합계",광진구,구의3동,12065,27824,13070,14754,27573,12966,14607,251,104,147,2.29,4961
"합계",광진구,광장동,11783,33653,16256,17397,33396,16137,17259,257,119,138,2.83,4501
"합계",광진구,자양1동,12122,22629,10858,11771,21644,10431,11213,985,427,558,1.79,4167
"합계",광진구,자양2동,12062,26356,12668,13688,26028,12526,13502,328,142,186,2.16,4838
"합계",광진구,자양3동,10988,27220,13029,14191,26851,12856,13995,369,173,196,2.44,5143
"합계",광진구,자양4동,11346,23779,11497,12282,20043,9798,10245,3736,1699,2037,1.77,4595
"합계",동대문구,소계,174918,361871,174385,187486,342354,167257,175097,19517,7128,12389,1.96,71095
"합계",동대문구,전농1동,16503,33481,16530,16951,32619,16205,16414,862,325,537,1.98,6627
"합계",동대문구,전농2동,7439,18010,8494,9516,17512,8320,9192,498,174,324,2.35,4188
"합계",동대문구,답십리1동,12947,27978,13312,14666,27544,13134,14410,434,178,256,2.13,4690
"합계",동대문구,답십리2동,12614,27779,13302,14477,27414,13150,14264,365,152,213,2.17,6412
"합계",동대문구,장안1동,18517,37985,18511,19474,37173,18212,18961,812,299,513,2.01,7811
"합계",동대문구,장안2동,14768,33347,16397,16950,32935,16243,16692,412,154,258,2.23,6277
"합계",동대문구,회기동,6624,13486,5983,7503,10230,4813,5417,3256,1170,2086,1.54,1594
"합계",동대문구,휘경1동,7471,15540,6911,8629,13107,6083,7024,2433,828,1605,1.75,2162
"합계",동대문구,휘경2동,12788,25249,12402,12847,24018,11991,12027,1231,411,820,1.88,4547
"합계",동대문구,이문1동,11791,25029,11757,13272,21508,10438,11070,3521,1319,2202,1.82,3359
"합계",동대문구,이문2동,8261,19107,9180,9927,18415,8841,9574,692,339,353,2.23,4337
"합계",동대문구,청량리동,9941,18885,9211,9674,18240,8960,9280,645,251,394,1.83,6003
"합계",동대문구,용신동,22105,40588,19756,20832,38829,19158,19671,1759,598,1161,1.76,7154
"합계",동대문구,제기동,13149,25407,12639,12768,22810,11709,11101,2597,930,1667,1.73,5934
"합계",중랑구,소계,188724,383958,187209,196749,377473,184512,192961,6485,2697,3788,2.00,86086
"합계",중랑구,면목2동,12151,23678,11662,12016,23237,11494,11743,441,168,273,1.91,5524
"합계",중랑구,면목4동,8880,18034,8921,9113,17689,8770,8919,345,151,194,1.99,4376
"합계",중랑구,면목5동,6333,14278,7051,7227,14108,6993,7115,170,58,112,2.23,2763
"합계",중랑구,면목7동,10514,21232,10478,10754,20802,10308,10494,430,170,260,1.98,5144
"합계",중랑구,상봉1동,10049,22886,11082,11804,22701,11010,11691,185,72,113,2.26,4724
"합계",중랑구,상봉2동,13218,21526,10055,11471,20969,9823,11146,557,232,325,1.59,3570
"합계",중랑구,중화1동,8808,18410,9085,9325,18132,8974,9158,278,111,167,2.06,4365
"합계",중랑구,중화2동,13490,24108,12247,11861,23496,11981,11515,612,266,346,1.74,5904
"합계",중랑구,묵1동,14904,33458,15881,17577,33210,15778,17432,248,103,145,2.23,6990
"합계",중랑구,묵2동,9212,18156,8881,9275,17800,8737,9063,356,144,212,1.93,4275
"합계",중랑구,망우3동,8199,15856,7923,7933,15316,7698,7618,540,225,315,1.87,4031
"합계",중랑구,신내1동,14719,37161,17817,19344,36971,17733,19238,190,84,106,2.51,8302
"합계",중랑구,신내2동,8845,19251,9079,10172,19162,9054,10108,89,25,64,2.17,4889
"합계",중랑구,면목본동,17775,32962,16145,16817,32026,15741,16285,936,404,532,1.80,7182
"합계",중랑구,면목3.8동,12714,24230,11911,12319,23629,11628,12001,601,283,318,1.86,5916
"합계",중랑구,망우본동,18913,38732,18991,19741,38225,18790,19435,507,201,306,2.02,8131
"합계",성북구,소계,198882,437692,207875,229817,424030,202828,221202,13662,5047,8615,2.13,85996
"합계",성북구,돈암1동,6008,14015,6533,7482,13917,6491,7426,98,42,56,2.32,3338
"합계",성북구,돈암2동,8491,23119,10915,12204,22989,10851,12138,130,64,66,2.71,4107
"합계",성북구,안암동,10323,17849,8497,9352,15465,7732,7733,2384,765,1619,1.50,2325
"합계",성북구,보문동,8116,16481,7853,8628,15984,7661,8323,497,192,305,1.97,2871
"합계",성북구,정릉1동,7324,17741,8445,9296,17508,8364,9144,233,81,152,2.39,3597
"합계",성북구,정릉2동,9718,22314,10650,11664,22010,10550,11460,304,100,204,2.26,5160
"합계",성북구,정릉3동,7909,15689,7631,8058,13950,6866,7084,1739,765,974,1.76,3294
"합계",성북구,정릉4동,10762,24274,11449,12825,23759,11316,12443,515,133,382,2.21,5590
"합계",성북구,길음1동,12822,35647,16802,18845,35489,16743,18746,158,59,99,2.77,5269
"합계",성북구,길음2동,8679,21588,10272,11316,21461,10217,11244,127,55,72,2.47,3445
"합계",성북구,월곡1동,10701,25244,12111,13133,24982,12016,12966,262,95,167,2.33,5499
"합계",성북구,월곡2동,9565,19224,9034,10190,18435,8740,9695,789,294,495,1.93,4107
"합계",성북구,장위1동,10562,23091,11213,11878,22829,11104,11725,262,109,153,2.16,4761
"합계",성북구,장위2동,7517,15378,7512,7866,15088,7387,7701,290,125,165,2.01,3670
"합계",성북구,장위3동,7466,18201,8917,9284,18039,8855,9184,162,62,100,2.42,2856
"합계",성북구,성북동,8082,16290,7549,8741,15706,7299,8407,584,250,334,1.94,3333
"합계",성북구,삼선동,11493,22483,10495,11988,21805,10324,11481,678,171,507,1.90,4412
"합계",성북구,동선동,9776,15969,6294,9675,14860,6002,8858,1109,292,817,1.52,2307
"합계",성북구,종암동,16937,38939,18956,19983,36712,18091,18621,2227,865,1362,2.17,7785
"합계",성북구,석관동,16631,34156,16747,17409,33042,16219,16823,1114,528,586,1.99,8270
"합계",강북구,소계,142908,287523,137623,149900,281288,135541,145747,6235,2082,4153,1.97,72975
"합계",강북구,번1동,9726,17137,8288,8849,16197,7950,8247,940,338,602,1.67,3742
"합계",강북구,번2동,7449,14619,6946,7673,14486,6900,7586,133,46,87,1.94,4512
"합계",강북구,번3동,7601,15871,7353,8518,15800,7333,8467,71,20,51,2.08,5172
"합계",강북구,수유1동,10465,19914,9614,10300,19424,9461,9963,490,153,337,1.86,5086
"합계",강북구,수유2동,9732,20321,9608,10713,20065,9530,10535,256,78,178,2.06,5732
"합계",강북구,수유3동,13674,23991,11442,12549,22673,11060,11613,1318,382,936,1.66,5418
"합계",강북구,삼양동,11690,24673,12144,12529,24430,12067,12363,243,77,166,2.09,5933
"합계",강북구,미아동,11842,21339,10048,11291,20466,9772,10694,873,276,597,1.73,5244
"합계",강북구,송중동,13639,28395,13511,14884,27630,13194,14436,765,317,448,2.03,6839
"합계",강북구,송천동,11874,22643,11147,11496,22164,10954,11210,479,193,286,1.87,6425
"합계",강북구,삼각산동,11494,30232,14491,15741,30120,14452,15668,112,39,73,2.62,5353
"합계",강북구,우이동,9594,19658,9299,10359,19459,9238,10221,199,61,138,2.03,5512
"합계",강북구,인수동,14128,28730,13732,14998,28374,13630,14744,356,102,254,2.01,8007
"합계",도봉구,소계,139006,304555,146711,157844,301554,145641,155913,3001,1070,1931,2.17,76430
"합계",도봉구,쌍문1동,9664,21123,9877,11246,20617,9780,10837,506,97,409,2.13,5397
"합계",도봉구,쌍문2동,8439,17730,8477,9253,17504,8358,9146,226,119,107,2.07,4599
"합계",도봉구,쌍문3동,8222,16380,7725,8655,16093,7645,8448,287,80,207,1.96,3955
"합계",도봉구,쌍문4동,7108,17885,8386,9499,17822,8371,9451,63,15,48,2.51,3934
"합계",도봉구,방학1동,12940,27449,13501,13948,27118,13366,13752,331,135,196,2.10,6963
"합계",도봉구,방학2동,9068,18077,9039,9038,17860,8943,8917,217,96,121,1.97,5190
"합계",도봉구,방학3동,9909,25666,12381,13285,25587,12360,13227,79,21,58,2.58,6268
"합계",도봉구,창1동,10927,23853,11302,12551,23614,11206,12408,239,96,143,2.16,5476
"합계",도봉구,창2동,12635,27904,13474,14430,27582,13343,14239,322,131,191,2.18,6397
"합계",도봉구,창3동,6359,12945,6410,6535,12837,6373,6464,108,37,71,2.02,3391
"합계",도봉구,창4동,11328,26246,12480,13766,26121,12425,13696,125,55,70,2.31,5310
"합계",도봉구,창5동,10294,23559,11138,12421,23403,11087,12316,156,51,105,2.27,5301
"합계",도봉구,도봉1동,10244,19803,9870,9933,19618,9801,9817,185,69,116,1.92,6591
"합계",도봉구,도봉2동,11869,25935,12651,13284,25778,12583,13195,157,68,89,2.17,7658
"합계",노원구,소계,217558,492612,235454,257158,487216,233269,253947,5396,2185,3211,2.24,102792
"합계",노원구,월계1동,10058,21129,10799,10330,20252,10423,9829,877,376,501,2.01,4667
"합계",노원구,월계2동,11655,25183,12033,13150,24995,11950,13045,188,83,105,2.14,6775
"합계",노원구,월계3동,12851,28172,13392,14780,27991,13329,14662,181,63,118,2.18,6973
"합계",노원구,공릉1동,18806,36265,17435,18830,35430,17082,18348,835,353,482,1.88,7657
"합계",노원구,공릉2동,17964,42006,20176,21830,41012,19855,21157,994,321,673,2.28,6754
"합계",노원구,하계1동,12462,26470,12640,13830,25744,12302,13442,726,338,388,2.07,5322
"합계",노원구,하계2동,7630,19829,9427,10402,19767,9406,10361,62,21,41,2.59,3418
"합계",노원구,중계본동,7865,22341,10791,11550,22283,10766,11517,58,25,33,2.83,2830
"합계",노원구,중계1동,8922,26121,12724,13397,26014,12684,13330,107,40,67,2.92,2999
"합계",노원구,중계4동,8156,18940,9130,9810,18749,8978,9771,191,152,39,2.30,4484
"합계",노원구,상계1동,15565,36459,17463,18996,36298,17408,18890,161,55,106,2.33,8754
"합계",노원구,상계2동,8497,18938,9294,9644,18722,9201,9521,216,93,123,2.20,4113
"합계",노원구,상계5동,10887,22527,10917,11610,22364,10864,11500,163,53,110,2.05,5896
"합계",노원구,상계8동,9087,21461,10121,11340,21397,10109,11288,64,12,52,2.35,3476
"합계",노원구,상계9동,8349,19261,8982,10279,19174,8955,10219,87,27,60,2.30,4148
"합계",노원구,상계10동,7603,17853,8206,9647,17779,8175,9604,74,31,43,2.34,3250
"합계",노원구,중계2.3동,14983,31893,14408,17485,31771,14367,17404,122,41,81,2.12,8442
"합계",노원구,상계3.4동,12416,27035,13421,13614,26908,13383,13525,127,38,89,2.17,7054
"합계",노원구,상계6.7동,13802,30729,14095,16634,30566,14032,16534,163,63,100,2.21,5780
"합계",은평구,소계,215555,463165,218676,244489,458762,216939,241823,4403,1737,2666,2.13,100546
"합계",은평구,녹번동,17424,35684,16608,19076,35266,16420,18846,418,188,230,2.02,8179
"합계",은평구,불광1동,18109,37546,17524,20022,37278,17402,19876,268,122,146,2.06,8924
"합계",은평구,불광2동,14124,26622,12776,13846,26371,12685,13686,251,91,160,1.87,6889
"합계",은평구,갈현1동,7218,14250,6830,7420,14107,6780,7327,143,50,93,1.95,3412
"합계",은평구,갈현2동,12739,27220,12769,14451,26956,12671,14285,264,98,166,2.12,5929
"합계",은평구,구산동,13459,30958,14967,15991,30745,14881,15864,213,86,127,2.28,7179
"합계",은평구,대조동,15546,27416,12535,14881,27032,12406,14626,384,129,255,1.74,5758
"합계",은평구,응암1동,15101,32424,14982,17442,32080,14852,17228,344,130,214,2.12,6067
"합계",은평구,응암2동,10976,27237,13129,14108,27031,13038,13993,206,91,115,2.46,4574
"합계",은평구,응암3동,12531,23582,11329,12253,23053,11111,11942,529,218,311,1.84,6299
"합계",은평구,신사1동,12006,26139,12453,13686,25908,12374,13534,231,79,152,2.16,6019
"합계",은평구,신사2동,8664,18692,9173,9519,18505,9121,9384,187,52,135,2.14,4414
"합계",은평구,증산동,6710,15625,7531,8094,15486,7464,8022,139,67,72,2.31,3355
"합계",은평구,수색동,8590,21367,10265,11102,21203,10195,11008,164,70,94,2.47,3557
"합계",은평구,진관동,21082,53185,24622,28563,52979,24545,28434,206,77,129,2.51,9865
"합계",은평구,역촌동,21276,45218,21183,24035,44762,20994,23768,456,189,267,2.10,10126
"합계",서대문구,소계,146121,316827,147054,169773,301034,142365,158669,15793,4689,11104,2.06,61521
"합계",서대문구,천연동,7593,16624,7852,8772,16429,7739,8690,195,113,82,2.16,3565
"합계",서대문구,홍제1동,11155,24731,11508,13223,24467,11400,13067,264,108,156,2.19,5491
"합계",서대문구,홍제2동,5308,12184,5675,6509,12092,5642,6450,92,33,59,2.28,2901
"합계",서대문구,홍제3동,7960,17544,8332,9212,17365,8259,9106,179,73,106,2.18,4303
"합계",서대문구,홍은1동,9652,22094,10595,11499,21878,10525,11353,216,70,146,2.27,5218
"합계",서대문구,홍은2동,12903,28756,13614,15142,27739,13246,14493,1017,368,649,2.15,5960
"합계",서대문구,남가좌1동,6145,16817,8016,8801,16587,7922,8665,230,94,136,2.70,2542
"합계",서대문구,남가좌2동,13314,30364,14293,16071,28708,13761,14947,1656,532,1124,2.16,5458
"합계",서대문구,북가좌1동,6745,17463,8350,9113,17332,8298,9034,131,52,79,2.57,3429
"합계",서대문구,북가좌2동,14487,30407,14604,15803,29981,14432,15549,426,172,254,2.07,7308
"합계",서대문구,충현동,9960,19838,9480,10358,19336,9255,10081,502,225,277,1.94,3813
"합계",서대문구,북아현동,7046,15623,7504,8119,15269,7372,7897,354,132,222,2.17,2549
"합계",서대문구,신촌동,15199,27520,10136,17384,20353,8624,11729,7167,1512,5655,1.34,2274
"합계",서대문구,연희동,18654,36862,17095,19767,33498,15890,17608,3364,1205,2159,1.80,6710
"합계",마포구,소계,180907,370897,171132,199765,359622,167151,192471,11275,3981,7294,1.99,61238
"합계",마포구,용강동,9251,21578,10069,11509,21207,9896,11311,371,173,198,2.29,3334
"합계",마포구,대흥동,8613,15917,7336,8581,14171,6810,7361,1746,526,1220,1.65,2097
"합계",마포구,염리동,7716,17628,8200,9428,16730,7956,8774,898,244,654,2.17,2282
"합계",마포구,신수동,10077,22438,10878,11560,22060,10728,11332,378,150,228,2.19,3751
"합계",마포구,서교동,15126,25947,11474,14473,23677,10811,12866,2270,663,1607,1.57,3536
"합계",마포구,합정동,9078,16315,7446,8869,15951,7313,8638,364,133,231,1.76,2823
"합계",마포구,망원1동,10061,18881,8706,10175,18562,8566,9996,319,140,179,1.84,3684
"합계",마포구,망원2동,8258,17624,8144,9480,17379,8054,9325,245,90,155,2.10,3453
"합계",마포구,연남동,8307,14920,6862,8058,13992,6502,7490,928,360,568,1.68,2616
"합계",마포구,성산1동,9654,18936,8645,10291,18553,8494,10059,383,151,232,1.92,3324
"합계",마포구,성산2동,19693,38683,17052,21631,38316,16943,21373,367,109,258,1.95,6963
"합계",마포구,상암동,12750,29994,13994,16000,29267,13661,15606,727,333,394,2.30,4766
"합계",마포구,도화동,9320,20679,9803,10876,20436,9681,10755,243,122,121,2.19,4132
"합계",마포구,서강동,12192,25081,11821,13260,24306,11592,12714,775,229,546,1.99,3762
"합계",마포구,공덕동,18442,36674,17025,19649,35976,16700,19276,698,325,373,1.95,6686
"합계",마포구,아현동,12369,29602,13677,15925,29039,13444,15595,563,233,330,2.35,4029
"합계",양천구,소계,180103,431500,209847,221653,428045,208468,219577,3455,1379,2076,2.38,82675
"합계",양천구,목1동,10295,30064,14402,15662,29930,14335,15595,134,67,67,2.91,3936
"합계",양천구,목2동,13299,28381,13617,14764,28134,13522,14612,247,95,152,2.12,5021
"합계",양천구,목3동,10159,21057,9958,11099,20860,9885,10975,197,73,124,2.05,4208
"합계",양천구,목4동,9961,24131,11707,12424,23951,11650,12301,180,57,123,2.40,3863
"합계",양천구,목5동,13491,40714,20143,20571,40597,20093,20504,117,50,67,3.01,5674
"합계",양천구,신월1동,9857,19019,9718,9301,18747,9614,9133,272,104,168,1.90,5080
"합계",양천구,신월2동,8697,20717,10088,10629,20543,10024,10519,174,64,110,2.36,4796
"합계",양천구,신월3동,7579,14098,7380,6718,13888,7288,6600,210,92,118,1.83,3618
"합계",양천구,신월4동,6816,17086,8271,8815,16981,8236,8745,105,35,70,2.49,4011
"합계",양천구,신월5동,6352,13888,6856,7032,13735,6793,6942,153,63,90,2.16,2962
"합계",양천구,신월6동,5349,13763,6691,7072,13690,6656,7034,73,35,38,2.56,2343
"합계",양천구,신월7동,9026,18222,8802,9420,18062,8754,9308,160,48,112,2.00,4976
"합계",양천구,신정1동,6909,19619,9499,10120,19512,9449,10063,107,50,57,2.82,3187
"합계",양천구,신정2동,6777,18536,9071,9465,18451,9030,9421,85,41,44,2.72,3109
"합계",양천구,신정3동,19405,48222,23262,24960,47886,23122,24764,336,140,196,2.47,9284
"합계",양천구,신정4동,16477,32038,15411,16627,31328,15129,16199,710,282,428,1.90,7035
"합계",양천구,신정6동,8184,23944,11605,12339,23906,11588,12318,38,17,21,2.92,3533
"합계",양천구,신정7동,11470,28001,13366,14635,27844,13300,14544,157,66,91,2.43,6039
"합계",강서구,소계,273259,558229,266508,291721,551899,263809,288090,6330,2699,3631,2.02,110360
"합계",강서구,염창동,16771,41346,19772,21574,41192,19712,21480,154,60,94,2.46,5428
"합계",강서구,등촌1동,14372,25195,11636,13559,24937,11555,13382,258,81,177,1.74,3547
"합계",강서구,등촌2동,8614,19209,9337,9872,19061,9280,9781,148,57,91,2.21,3851
"합계",강서구,등촌3동,15076,29003,13566,15437,28798,13479,15319,205,87,118,1.91,8116
"합계",강서구,화곡본동,17222,32489,15638,16851,31991,15470,16521,498,168,330,1.86,5959
"합계",강서구,화곡1동,28044,50887,24526,26361,49696,24032,25664,1191,494,697,1.77,10052
"합계",강서구,화곡2동,8171,17008,8159,8849,16683,8024,8659,325,135,190,2.04,3382
"합계",강서구,화곡3동,9704,20909,9935,10974,20727,9862,10865,182,73,109,2.14,4925
"합계",강서구,화곡4동,9612,19440,9453,9987,19107,9310,9797,333,143,190,1.99,4563
"합계",강서구,화곡6동,13509,25906,12278,13628,25600,12165,13435,306,113,193,1.90,4831
"합계",강서구,화곡8동,11535,23099,11102,11997,22667,10921,11746,432,181,251,1.97,5159
"합계",강서구,가양1동,21073,33858,15125,18733,33563,15018,18545,295,107,188,1.59,4008
"합계",강서구,가양2동,7892,13093,6172,6921,13032,6152,6880,61,20,41,1.65,4846
"합계",강서구,가양3동,7585,13651,6273,7378,13564,6236,7328,87,37,50,1.79,4141
"합계",강서구,발산1동,13603,35318,16665,18653,35002,16462,18540,316,203,113,2.57,5968
"합계",강서구,공항동,13712,29386,14840,14546,28778,14512,14266,608,328,280,2.10,4819
"합계",강서구,방화1동,16307,40023,19482,20541,39767,19366,20401,256,116,140,2.44,7543
"합계",강서구,방화2동,12475,23259,11500,11759,22973,11354,11619,286,146,140,1.84,5807
"합계",강서구,방화3동,11136,21666,10362,11304,21533,10317,11216,133,45,88,1.93,6156
"합계",강서구,우장산동,16846,43484,20687,22797,43228,20582,22646,256,105,151,2.57,7259
"합계",구로구,소계,184446,410488,202022,208466,386031,188818,197213,24457,13204,11253,2.09,86366
"합계",구로구,신도림동,14402,36222,17411,18811,35878,17252,18626,344,159,185,2.49,5612
"합계",구로구,구로1동,8390,20416,9939,10477,20213,9844,10369,203,95,108,2.41,3386
"합계",구로구,구로2동,12105,28832,14860,13972,21950,10977,10973,6882,3883,2999,1.81,6878
"합계",구로구,구로3동,13610,24640,12701,11939,22802,11791,11011,1838,910,928,1.68,4107
"합계",구로구,구로4동,10135,22010,10844,11166,17947,8598,9349,4063,2246,1817,1.77,5435
"합계",구로구,구로5동,15652,31561,15431,16130,28797,13989,14808,2764,1442,1322,1.84,5848
"합계",구로구,고척1동,11686,26685,13277,13408,26387,13125,13262,298,152,146,2.26,5260
"합계",구로구,고척2동,11391,25665,12610,13055,25203,12370,12833,462,240,222,2.21,6253
"합계",구로구,개봉1동,15276,34040,16843,17197,33224,16423,16801,816,420,396,2.17,7742
"합계",구로구,개봉2동,12508,29768,14330,15438,29311,14105,15206,457,225,232,2.34,7627
"합계",구로구,개봉3동,8611,19445,9393,10052,18975,9171,9804,470,222,248,2.20,5062
"합계",구로구,오류1동,12987,23349,11111,12238,22623,10771,11852,726,340,386,1.74,4701
"합계",구로구,오류2동,15441,36404,17279,19125,35809,16987,18822,595,292,303,2.32,8358
"합계",구로구,수궁동,10001,22657,11047,11610,22149,10828,11321,508,219,289,2.21,5454
"합계",구로구,가리봉동,6074,12537,7086,5451,8750,4839,3911,3787,2247,1540,1.44,2433
"합계",구로구,항동,6177,16257,7860,8397,16013,7748,8265,244,112,132,2.59,2210
"합계",금천구,소계,121363,238305,119973,118332,224076,112493,111583,14229,7480,6749,1.85,49522
"합계",금천구,가산동,18640,27691,14886,12805,25185,13500,11685,2506,1386,1120,1.35,3366
"합계",금천구,독산1동,26243,49134,24780,24354,47154,23808,23346,1980,972,1008,1.80,7263
"합계",금천구,독산2동,9331,18719,9415,9304,17331,8718,8613,1388,697,691,1.86,4304
"합계",금천구,독산3동,12663,26186,13346,12840,22819,11478,11341,3367,1868,1499,1.80,5856
"합계",금천구,독산4동,7414,15656,7890,7766,13981,6997,6984,1675,893,782,1.89,3532
"합계",금천구,시흥1동,16407,33237,16530,16707,31514,15644,15870,1723,886,837,1.92,7423
"합계",금천구,시흥2동,8150,20164,9658,10506,20043,9608,10435,121,50,71,2.46,4919
"합계",금천구,시흥3동,4671,10226,5028,5198,10063,4954,5109,163,74,89,2.15,2772
"합계",금천구,시흥4동,8846,19265,9508,9757,18558,9153,9405,707,355,352,2.10,5066
"합계",금천구,시흥5동,8998,18027,8932,9095,17428,8633,8795,599,299,300,1.94,5021
"합계",영등포구,소계,192746,396841,194720,202121,372863,182123,190740,23978,12597,11381,1.93,72332
"합계",영등포구,여의동,14193,34366,16166,18200,33972,15958,18014,394,208,186,2.39,6966
"합계",영등포구,당산1동,11889,21500,10328,11172,21069,10141,10928,431,187,244,1.77,3851
"합계",영등포구,당산2동,18911,36795,17056,19739,36357,16877,19480,438,179,259,1.92,5354
"합계",영등포구,양평1동,10098,18518,8798,9720,18233,8674,9559,285,124,161,1.81,2646
"합계",영등포구,양평2동,11368,22836,10985,11851,22590,10897,11693,246,88,158,1.99,3063
"합계",영등포구,신길1동,11712,20428,10422,10006,19077,9710,9367,1351,712,639,1.63,4061
"합계",영등포구,신길3동,7734,17030,8495,8535,16018,7955,8063,1012,540,472,2.07,3705
"합계",영등포구,신길4동,5706,12557,6172,6385,11911,5844,6067,646,328,318,2.09,2792
"합계",영등포구,신길5동,4448,10620,5253,5367,9586,4653,4933,1034,600,434,2.16,2408
"합계",영등포구,신길6동,9177,18559,9011,9548,17844,8651,9193,715,360,355,1.94,3756
"합계",영등포구,신길7동,7900,19776,9784,9992,19598,9695,9903,178,89,89,2.48,2999
"합계",영등포구,대림1동,6809,15993,8039,7954,13353,6594,6759,2640,1445,1195,1.96,3740
"합계",영등포구,대림2동,6895,17675,8989,8686,11602,5643,5959,6073,3346,2727,1.68,3554
"합계",영등포구,대림3동,10277,24646,12396,12250,21057,10476,10581,3589,1920,1669,2.05,5584
"합계",영등포구,영등포본동,10358,22244,11409,10835,20429,10437,9992,1815,972,843,1.97,4901
"합계",영등포구,영등포동,22387,32076,16156,15920,31172,15757,15415,904,399,505,1.39,3842
"합계",영등포구,도림동,9899,19654,9923,9731,17656,8929,8727,1998,994,1004,1.78,3913
"합계",영등포구,문래동,12985,31568,15338,16230,31339,15232,16107,229,106,123,2.41,5197
"합계",동작구,소계,187650,386593,185472,201121,374777,180772,194005,11816,4700,7116,2.00,74936
"합계",동작구,노량진1동,18015,34089,17282,16807,32871,16814,16057,1218,468,750,1.82,6614
"합계",동작구,노량진2동,5581,8874,4689,4185,7962,4217,3745,912,472,440,1.43,1868
"합계",동작구,상도1동,23048,46315,22062,24253,44098,21357,22741,2217,705,1512,1.91,8230
"합계",동작구,상도2동,12416,27461,12962,14499,27043,12827,14216,418,135,283,2.18,4901
"합계",동작구,상도3동,12227,23919,11292,12627,23492,11114,12378,427,178,249,1.92,5226
"합계",동작구,상도4동,14835,29542,14222,15320,29056,14072,14984,486,150,336,1.96,6105
"합계",동작구,사당1동,13954,22740,10866,11874,22268,10683,11585,472,183,289,1.60,4262
"합계",동작구,사당2동,12548,28195,13453,14742,27877,13309,14568,318,144,174,2.22,6427
"합계",동작구,사당3동,10410,23580,11360,12220,23345,11268,12077,235,92,143,2.24,5226
"합계",동작구,사당4동,7338,13881,6613,7268,13694,6532,7162,187,81,106,1.87,3141
"합계",동작구,사당5동,6727,14158,6746,7412,14028,6689,7339,130,57,73,2.09,2708
"합계",동작구,대방동,16181,34412,16137,18275,34035,15976,18059,377,161,216,2.10,6031
"합계",동작구,신대방1동,10456,24863,12010,12853,22937,10985,11952,1926,1025,901,2.19,4752
"합계",동작구,신대방2동,10934,22383,10637,11746,22097,10538,11559,286,99,187,2.02,3826
"합계",동작구,흑석동,12980,32181,15141,17040,29974,14391,15583,2207,750,1457,2.31,5619
"합계",관악구,소계,288722,498000,248575,249425,479320,241080,238240,18680,7495,11185,1.66,91272
"합계",관악구,남현동,9829,17549,8458,9091,17344,8382,8962,205,76,129,1.76,3276
"합계",관악구,보라매동,12999,23724,11557,12167,23157,11313,11844,567,244,323,1.78,5195
"합계",관악구,청림동,6362,14556,6936,7620,14414,6873,7541,142,63,79,2.27,3124
"합계",관악구,행운동,18352,29316,14073,15243,28665,13849,14816,651,224,427,1.56,4889
"합계",관악구,낙성대동,12336,18143,9108,9035,17472,8807,8665,671,301,370,1.42,2188
"합계",관악구,중앙동,10502,15626,7370,8256,15207,7225,7982,419,145,274,1.45,2628
"합계",관악구,인헌동,14968,25490,12293,13197,25043,12140,12903,447,153,294,1.67,4553
"합계",관악구,서원동,15527,23988,12432,11556,23026,12090,10936,962,342,620,1.48,3741
"합계",관악구,신원동,11415,18369,9358,9011,17434,8963,8471,935,395,540,1.53,3650
"합계",관악구,서림동,15502,24891,13541,11350,23349,12928,10421,1542,613,929,1.51,4079
"합계",관악구,신사동,14708,24377,12055,12322,22114,11022,11092,2263,1033,1230,1.50,4105
"합계",관악구,신림동,19321,24249,12869,11380,23024,12470,10554,1225,399,826,1.19,2176
"합계",관악구,난향동,6132,14639,7150,7489,14512,7087,7425,127,63,64,2.37,3178
"합계",관악구,조원동,12450,21206,10485,10721,19648,9725,9923,1558,760,798,1.58,3561
"합계",관악구,대학동,18156,28595,16622,11973,24770,15197,9573,3825,1425,2400,1.36,3548
"합계",관악구,은천동,16060,32200,15705,16495,31645,15489,16156,555,216,339,1.97,6637
"합계",관악구,성현동,12895,29858,14390,15468,29643,14296,15347,215,94,121,2.30,6227
"합계",관악구,청룡동,24738,37174,17724,19450,36023,17300,18723,1151,424,727,1.46,5267
"합계",관악구,난곡동,12757,24951,12383,12568,24486,12188,12298,465,195,270,1.92,6234
"합계",관악구,삼성동,9679,19876,9839,10037,19715,9764,9951,161,75,86,2.04,6154
"합계",관악구,미성동,14034,29223,14227,14996,28629,13972,14657,594,255,339,2.04,6862
"합계",서초구,소계,170798,412204,195851,216353,407507,193609,213898,4697,2242,2455,2.39,70014
"합계",서초구,서초1동,9582,20426,9773,10653,20203,9688,10515,223,85,138,2.11,3509
"합계",서초구,서초2동,11462,25219,11838,13381,24794,11617,13177,425,221,204,2.16,3343
"합계",서초구,서초3동,15504,32345,15285,17060,31963,15098,16865,382,187,195,2.06,5590
"합계",서초구,서초4동,10657,30390,14790,15600,30125,14658,15467,265,132,133,2.83,4710
"합계",서초구,잠원동,10742,27090,13079,14011,26868,12977,13891,222,102,120,2.50,3900
"합계",서초구,반포본동,108,226,101,125,219,97,122,7,4,3,2.03,38
"합계",서초구,반포1동,14585,34044,16574,17470,33567,16377,17190,477,197,280,2.30,4529
"합계",서초구,반포2동,8596,26794,12715,14079,26643,12642,14001,151,73,78,3.10,3873
"합계",서초구,반포3동,8258,23989,11441,12548,23912,11403,12509,77,38,39,2.90,3616
"합계",서초구,반포4동,7044,19239,9032,10207,18421,8583,9838,818,449,369,2.62,3331
"합계",서초구,방배본동,7848,20169,9280,10889,19976,9187,10789,193,93,100,2.55,3504
"합계",서초구,방배1동,7544,16541,7670,8871,16402,7616,8786,139,54,85,2.17,3352
"합계",서초구,방배2동,7795,17750,8251,9499,17618,8193,9425,132,58,74,2.26,3921
"합계",서초구,방배3동,5815,15845,7533,8312,15665,7457,8208,180,76,104,2.69,3250
"합계",서초구,방배4동,9612,22978,10388,12590,22645,10236,12409,333,152,181,2.36,3961
"합계",서초구,양재1동,17613,41187,19479,21708,40853,19330,21523,334,149,185,2.32,8308
"합계",서초구,양재2동,10972,21150,10528,10622,20879,10386,10493,271,142,129,1.90,3529
"합계",서초구,내곡동,7061,16822,8094,8728,16754,8064,8690,68,30,38,2.37,3750
"합계",강남구,소계,245092,562526,268740,293786,556565,266021,290544,5961,2719,3242,2.27,93519
"합계",강남구,신사동,6569,15406,7215,8191,15189,7110,8079,217,105,112,2.31,3229
"합계",강남구,논현1동,13460,21474,10145,11329,20682,9824,10858,792,321,471,1.54,3200
"합계",강남구,논현2동,11207,20502,9521,10981,20119,9360,10759,383,161,222,1.80,3330
"합계",강남구,삼성1동,5468,13037,6411,6626,12699,6169,6530,338,242,96,2.32,2616
"합계",강남구,삼성2동,13789,30567,14599,15968,30264,14451,15813,303,148,155,2.19,4208
"합계",강남구,대치1동,7221,23866,11979,11887,23820,11954,11866,46,25,21,3.30,2899
"합계",강남구,대치2동,13242,38298,19474,18824,38127,19373,18754,171,101,70,2.88,5891
"합계",강남구,대치4동,9606,18442,8790,9652,18126,8670,9456,316,120,196,1.89,2274
"합계",강남구,역삼1동,23829,35629,17345,18284,34208,16746,17462,1421,599,822,1.44,4079
"합계",강남구,역삼2동,15578,36519,16947,19572,36138,16788,19350,381,159,222,2.32,4020
"합계",강남구,도곡1동,8317,20814,9818,10996,20682,9766,10916,132,52,80,2.49,3389
"합계",강남구,도곡2동,11419,32297,14926,17371,32195,14864,17331,102,62,40,2.82,5647
"합계",강남구,개포1동,9159,26833,12892,13941,26777,12864,13913,56,28,28,2.92,4363
"합계",강남구,개포2동,15009,42347,20507,21840,42201,20444,21757,146,63,83,2.81,5954
"합계",강남구,개포3동,7332,16695,8054,8641,16618,8022,8596,77,32,45,2.27,3812
"합계",강남구,개포4동,10084,23191,11150,12041,22997,11073,11924,194,77,117,2.28,3946
"합계",강남구,일원본동,7956,22492,11128,11364,22471,11117,11354,21,11,10,2.82,3832
"합계",강남구,일원1동,7447,14352,6868,7484,14189,6805,7384,163,63,100,1.91,3757
"합계",강남구,수서동,7649,13637,6134,7503,13557,6103,7454,80,31,49,1.77,5339
"합계",강남구,세곡동,20288,46290,21618,24672,46102,21542,24560,188,76,112,2.27,8024
"합계",강남구,압구정동,9971,25703,11966,13737,25513,11863,13650,190,103,87,2.56,5552
"합계",강남구,청담동,10492,24135,11253,12882,23891,11113,12778,244,140,104,2.28,4158
"합계",송파구,소계,286908,652908,312551,340357,646591,309664,336927,6317,2887,3430,2.25,116750
"합계",송파구,풍납1동,5307,11503,5624,5879,11052,5393,5659,451,231,220,2.08,3033
"합계",송파구,풍납2동,10362,23129,10937,12192,22922,10848,12074,207,89,118,2.21,4540
"합계",송파구,거여1동,5600,11830,5841,5989,11737,5806,5931,93,35,58,2.10,2828
"합계",송파구,거여2동,10067,23355,11274,12081,23256,11232,12024,99,42,57,2.31,5026
"합계",송파구,마천1동,7302,15412,7883,7529,15269,7821,7448,143,62,81,2.09,4178
"합계",송파구,마천2동,8462,17274,8774,8500,17117,8708,8409,157,66,91,2.02,4888
"합계",송파구,방이1동,6159,15019,7166,7853,14915,7122,7793,104,44,60,2.42,2672
"합계",송파구,방이2동,16046,26914,12133,14781,26205,11807,14398,709,326,383,1.63,4132
"합계",송파구,오륜동,5823,17477,8592,8885,17441,8574,8867,36,18,18,3.00,3423
"합계",송파구,오금동,16062,38158,18400,19758,37845,18249,19596,313,151,162,2.36,7970
"합계",송파구,송파1동,12509,23262,10750,12512,22973,10617,12356,289,133,156,1.84,4018
"합계",송파구,송파2동,7510,19294,9256,10038,19161,9194,9967,133,62,71,2.55,3494
"합계",송파구,석촌동,17062,30778,14493,16285,30202,14255,15947,576,238,338,1.77,5276
"합계",송파구,삼전동,16119,28836,13478,15358,28429,13303,15126,407,175,232,1.76,4664
"합계",송파구,가락본동,11588,24843,12258,12585,24560,12135,12425,283,123,160,2.12,4604
"합계",송파구,가락1동,9632,27310,13185,14125,26974,13011,13963,336,174,162,2.80,4315
"합계",송파구,가락2동,12365,30657,14951,15706,30451,14862,15589,206,89,117,2.46,5158
"합계",송파구,문정1동,8995,19841,9705,10136,19636,9599,10037,205,106,99,2.18,3694
"합계",송파구,문정2동,15808,28818,13162,15656,28624,13075,15549,194,87,107,1.81,4643
"합계",송파구,장지동,13221,31040,14884,16156,30855,14809,16046,185,75,110,2.33,5581
"합계",송파구,잠실본동,16227,27928,13151,14777,27393,12917,14476,535,234,301,1.69,4423
"합계",송파구,잠실2동,11530,34729,16642,18087,34629,16580,18049,100,62,38,3.00,4185
"합계",송파구,잠실3동,11818,33739,15903,17836,33610,15832,17778,129,71,58,2.84,6638
"합계",송파구,잠실4동,7198,21033,10153,10880,20981,10129,10852,52,24,28,2.91,3310
"합계",송파구,잠실6동,5851,16463,7797,8666,16252,7677,8575,211,120,91,2.78,3331
"합계",송파구,잠실7동,3364,9338,4344,4994,9321,4334,4987,17,10,7,2.77,2408
"합계",송파구,위례동,14921,44928,21815,23113,44781,21775,23006,147,40,107,3.00,4318
"합계",강동구,소계,221605,502806,245031,257775,498079,242954,255125,4727,2077,2650,2.25,95403
"합계",강동구,명일1동,10014,24800,12110,12690,24694,12071,12623,106,39,67,2.47,4901
"합계",강동구,명일2동,6388,16898,8225,8673,16810,8187,8623,88,38,50,2.63,3165
"합계",강동구,고덕1동,8141,23732,12153,11579,23657,12117,11540,75,36,39,2.91,3453
"합계",강동구,고덕2동,10163,26230,13138,13092,25984,12987,12997,246,151,95,2.56,3899
"합계",강동구,암사1동,15901,33179,16357,16822,32860,16229,16631,319,128,191,2.07,7301
"합계",강동구,암사2동,6367,14573,7037,7536,14499,7011,7488,74,26,48,2.28,2828
"합계",강동구,암사3동,6070,17004,8293,8711,16975,8281,8694,29,12,17,2.80,3200
"합계",강동구,천호1동,12892,25565,12471,13094,25270,12349,12921,295,122,173,1.96,6278
"합계",강동구,천호2동,18659,35506,17263,18243,34860,16963,17897,646,300,346,1.87,7137
"합계",강동구,천호3동,14993,26849,12821,14028,26225,12505,13720,624,316,308,1.75,5423
"합계",강동구,성내1동,8191,19183,9133,10050,19031,9079,9952,152,54,98,2.32,3631
"합계",강동구,성내2동,13977,24670,11974,12696,24059,11683,12376,611,291,320,1.72,5137
"합계",강동구,성내3동,10605,22020,10689,11331,21640,10529,11111,380,160,220,2.04,4595
"합계",강동구,둔촌1동,11561,31621,15606,16015,31509,15563,15946,112,43,69,2.73,4422
"합계",강동구,둔촌2동,10939,25303,12339,12964,25160,12286,12874,143,53,90,2.30,5132
"합계",강동구,길동,24116,48562,23411,25151,48129,23260,24869,433,151,282,2.00,10169
"합계",강동구,강일동,13762,34484,16505,17979,34290,16440,17850,194,65,129,2.49,6811
"합계",강동구,상일1동,13549,39158,19225,19933,39009,19150,19859,149,75,74,2.88,5711
"합계",강동구,상일2동,5317,13469,6281,7188,13418,6264,7154,51,17,34,2.52,2210
